{
    "observation.state": {
        "mean": [
            -0.4787437617778778,
            0.2731238603591919,
            0.34091776609420776,
            -0.2731238603591919,
            0.2805255353450775,
            0.2731238603591919,
            0.08642943948507309,
            0.49388834834098816,
            -0.27312493324279785,
            -0.3115748465061188,
            0.2731238603591919,
            -0.2772510051727295,
            -0.2731238603591919,
            -0.056067660450935364,
            17.47992706298828,
            17.47992706298828,
            -0.006702118087559938,
            0.13656193017959595,
            0.13656193017959595,
            0.07206826657056808
        ],
        "std": [
            0.7687573432922363,
            0.5429898500442505,
            0.6773863434791565,
            0.5226225852966309,
            0.4966527223587036,
            0.5734944939613342,
            0.6781456470489502,
            0.7469432353973389,
            0.5158013105392456,
            0.6935737133026123,
            0.5226312875747681,
            0.49979618191719055,
            0.5865914821624756,
            0.6752046942710876,
            47.30148696899414,
            47.30148696899414,
            0.03431132808327675,
            0.18477143347263336,
            0.2095428705215454,
            0.14081494510173798
        ],
        "min": [
            -3.1426401138305664,
            -1.9090405702590942,
            -2.994210958480835,
            -1.4972100257873535,
            -3.143338441848755,
            -1.7474952936172485,
            -3.140000104904175,
            -2.8576574325561523,
            -2.011382818222046,
            -3.140000104904175,
            -1.484890341758728,
            -3.1418726444244385,
            -1.7603733539581299,
            -3.140075206756592,
            32.57777786254883,
            34.0,
            -0.2792723774909973,
            -0.14546717703342438,
            -0.0001549959706608206,
            -1.6639254681649618e-05
        ],
        "max": [
            2.8758695125579834,
            2.0117151737213135,
            3.1370127201080322,
            1.4812432527542114,
            3.1430766582489014,
            1.7610539197921753,
            3.1404590606689453,
            3.140000104904175,
            1.9140360355377197,
            3.1351795196533203,
            1.5418994426727295,
            3.1516618728637695,
            1.7467623949050903,
            3.140075206756592,
            124.75714111328125,
            124.28878021240234,
            0.4363616108894348,
            0.5243977308273315,
            0.8899499773979187,
            0.6108654737472534
        ],
        "q01": [
            -2.3359036445617676,
            -1.2491272687911987,
            -1.4953080415725708,
            -1.4781315326690674,
            -0.6801835298538208,
            0.01638055220246315,
            -2.255331516265869,
            -1.7032694816589355,
            -1.5666600465774536,
            -2.092349052429199,
            -0.0274890698492527,
            -1.8620895147323608,
            -1.719732403755188,
            -1.9348704814910889,
            34.53333282470703,
            34.66666793823242,
            -0.1570785641670227,
            0.1047181561589241,
            9.492455319559667e-07,
            0.0
        ],
        "q99": [
            1.6529686450958252,
            1.6066142320632935,
            2.2219078540802,
            0.032818034291267395,
            1.8923641443252563,
            1.728724718093872,
            1.8111857175827026,
            2.280529260635376,
            1.208701252937317,
            1.5069385766983032,
            1.4796901941299438,
            0.8771836161613464,
            0.06722042709589005,
            2.15940260887146,
            121.97142791748047,
            122.05714416503906,
            0.087269127368927,
            0.5236093997955322,
            0.7853953242301941,
            0.44989991188049316
        ]
    },
    "action": {
        "mean": [
            -0.4787437617778778,
            0.2731238603591919,
            0.34091776609420776,
            -0.2731238603591919,
            0.2805255353450775,
            0.2731238603591919,
            0.08642943948507309,
            0.49388834834098816,
            -0.27312493324279785,
            -0.3115748465061188,
            0.2731238603591919,
            -0.2772510051727295,
            -0.2731238603591919,
            -0.056067660450935364,
            0.13656193017959595,
            0.13656193017959595,
            -0.006702118087559938,
            0.13656193017959595,
            0.13656193017959595,
            0.07206826657056808,
            0.003194305580109358,
            -5.248097295407206e-05
        ],
        "std": [
            0.7687573432922363,
            0.5429898500442505,
            0.6773863434791565,
            0.5226225852966309,
            0.4966527223587036,
            0.5734944939613342,
            0.6781456470489502,
            0.7469432353973389,
            0.5158013105392456,
            0.6935737133026123,
            0.5226312875747681,
            0.49979618191719055,
            0.5865914821624756,
            0.6752046942710876,
            0.3695428669452667,
            0.3695428669452667,
            0.03431132808327675,
            0.18477143347263336,
            0.2095428705215454,
            0.14081494510173798,
            0.17135529220104218,
            0.07417511194944382
        ],
        "min": [
            -3.1426401138305664,
            -1.9090405702590942,
            -2.994210958480835,
            -1.4972100257873535,
            -3.143338441848755,
            -1.7474952936172485,
            -3.140000104904175,
            -2.8576574325561523,
            -2.011382818222046,
            -3.140000104904175,
            -1.484890341758728,
            -3.1418726444244385,
            -1.7603733539581299,
            -3.140075206756592,
            0.0,
            0.0,
            -0.2792723774909973,
            -0.14546717703342438,
            -0.0001549959706608206,
            -1.6639254681649618e-05,
            -1.600000023841858,
            -1.0
        ],
        "max": [
            2.8758695125579834,
            2.0117151737213135,
            3.1370127201080322,
            1.4812432527542114,
            3.1430766582489014,
            1.7610539197921753,
            3.1404590606689453,
            3.140000104904175,
            1.9140360355377197,
            3.1351795196533203,
            1.5418994426727295,
            3.1516618728637695,
            1.7467623949050903,
            3.140075206756592,
            1.0,
            1.0,
            0.4363616108894348,
            0.5243977308273315,
            0.8899499773979187,
            0.6108654737472534,
            1.600000023841858,
            1.0
        ],
        "q01": [
            -2.3359036445617676,
            -1.2491272687911987,
            -1.4953080415725708,
            -1.4781315326690674,
            -0.6801835298538208,
            0.01638055220246315,
            -2.255331516265869,
            -1.7032694816589355,
            -1.5666600465774536,
            -2.092349052429199,
            -0.0274890698492527,
            -1.8620895147323608,
            -1.719732403755188,
            -1.9348704814910889,
            0.0,
            0.0,
            -0.1570785641670227,
            0.1047181561589241,
            9.492455319559667e-07,
            0.0,
            0.0,
            0.0
        ],