{
    "observation.state": {
        "mean": [
            -0.5195672512054443,
            -0.11276422441005707,
            0.5458884239196777,
            0.25447946786880493,
            -0.5751502513885498,
            0.4274822473526001,
            -0.3015424609184265,
            -0.11528971046209335,
            -0.052258625626564026,
            -0.7475789785385132,
            -0.4662417471408844,
            0.17961204051971436,
            0.0,
            0.0,
            0.0,
            1.0,
            0.38799116015434265,
            -0.38357216119766235,
            0.4172976016998291,
            0.3030266761779785,
            -0.6151941418647766,
            -0.34337207674980164,
            0.18442898988723755,
            -0.5606251358985901,
            0.0535939484834671,
            -0.5707004070281982,
            -0.7239769101142883,
            0.1420196294784546,
            0.0,
            0.0,
            0.0,
            1.0,
            0.7828869223594666,
            0.5573388338088989,
            -0.34994134306907654,
            0.9738830327987671,
            0.6959047317504883,
            -0.35591408610343933,
            0.15984146296977997,
            0.41782283782958984,
            0.09767642617225647,
            1.3722140789031982,
            1.1370929479599,
            -0.7443704009056091,
            -0.17074498534202576,
            -0.4885318875312805
        ],
        "std": [
            0.43754494190216064,
            0.20431630313396454,
            0.431864470243454,
            0.07965080440044403,
            0.43967482447624207,
            0.3797299861907959,
            0.24163299798965454,
            0.08181439340114594,
            0.10935317724943161,
            0.244367778301239,
            0.3862922787666321,
            0.10734852403402328,
            0.0,
            0.0,
            0.0,
            0.0,
            0.500425398349762,
            0.39160290360450745,
            0.35278651118278503,
            0.14843839406967163,
            0.45439183712005615,
            0.4381422698497772,
            0.2675572633743286,
            0.11374590545892715,
            0.10819098353385925,
            0.2528705894947052,
            0.2677119970321655,
            0.09339053928852081,
            0.0,
            0.0,
            0.0,
            0.0,
            0.3115674555301666,
            0.39941081404685974,
            0.24445104598999023,
            0.4101194441318512,
            0.27120643854141235,
            0.4317457675933838,
            0.2940088212490082,
            0.4157392680644989,
            0.43247169256210327,
            0.5885318517684937,
            0.6412808895111084,
            0.3671436607837677,
            0.2534479796886444,
            0.5115232467651367
        ],
        "min": [
            -1.0,
            -0.9896065592765808,
            -0.2827307879924774,
            0.06520844995975494,
            -0.9999985694885254,
            -0.35382598638534546,
            -0.9906136393547058,
            -0.3234390616416931,
            -0.6709408164024353,
            -0.9999996423721313,
            -0.9941392540931702,
            0.018688347190618515,
            0.0,
            0.0,
            0.0,
            1.0,
            -0.9773947596549988,
            -0.9994544386863708,
            -0.330310195684433,
            0.035305868834257126,
            -1.0,
            -0.999997079372406,
            -0.7404846549034119,
            -0.897228479385376,
            -0.4874567985534668,
            -0.9999745488166809,
            -0.9999996423721313,
            0.006592519581317902,
            0.0,
            0.0,
            0.0,
            1.0,
            0.024795910343527794,
            0.0004945053369738162,
            -1.0786221027374268,
            0.01506828423589468,
            0.008964675478637218,
            -1.4738308191299438,
            -0.8958953022956848,
            -0.8054856061935425,
            -1.6126878261566162,
            0.007438773289322853,
            0.005531395319849253,
            -1.5684367418289185,
            -1.0725184679031372,
            -1.89345383644104
        ],
        "max": [
            0.37524300813674927,
            0.393070787191391,
            0.999966025352478,
            0.46991753578186035,
            0.27706876397132874,
            0.9957350492477417,
            0.35290399193763733,
            0.05058439075946808,
            0.43737417459487915,
            -0.0875130444765091,
            0.291657418012619,
            0.5292859673500061,
            0.0,
            0.0,
            0.0,
            1.0,
            0.9999999403953552,
            0.3282862901687622,
            0.9999974966049194,
            0.5947703719139099,
            0.2773072123527527,
            0.8987442255020142,
            0.8947232961654663,
            -0.355182945728302,
            0.7957673072814941,
            0.19659556448459625,
            0.24264419078826904,
            0.4416324496269226,
            0.0,
            0.0,
            0.0,
            1.0,
            0.9978411197662354,
            0.9972760081291199,
            0.20809490978717804,
            1.812199592590332,
            1.8286030292510986,
            0.6700618267059326,
            1.438735008239746,
            1.4078354835510254,
            1.0782406330108643,
            2.6377127170562744,
            3.1084535121917725,
            0.6624323129653931,
            0.7551308274269104,
            1.2491416931152344
        ],
        "q01": [
            -0.9998455047607422,
            -0.8796358108520508,
            -0.0783657506108284,
            0.09735391288995743,
            -0.9996182322502136,
            -0.1480637788772583,
            -0.7604233622550964,
            -0.2651216387748718,
            -0.3538954555988312,
            -0.9996158480644226,
            -0.960136890411377,
            0.02766549214720726,
            0.0,
            0.0,
            0.0,
            1.0,
            -0.4654090702533722,
            -0.9752586483955383,
            -0.10717234015464783,
            0.09988203644752502,
            -0.9999048709869385,
            -0.9791406393051147,
            -0.39356449246406555,
            -0.8325322866439819,
            -0.15207192301750183,
            -0.9951499104499817,
            -0.9913116693496704,
            0.02208423614501953,
            0.0,
            0.0,
            0.0,
            1.0,
            0.029034527018666267,
            0.00360282463952899,
            -0.9718089699745178,
            0.01506828423589468,
            0.008964675478637218,
            -1.0870145559310913,
            -0.5340924859046936,
            -0.33093002438545227,
            -1.1835278272628784,
            0.18978407979011536,
            0.26913100481033325,
            -1.3639658689498901,
            -0.7841230034828186,
            -1.4635308980941772
        ],